"Appraised_Value","Assessed_Value"
1281300,896910
1281300,896910
834414.285714286,584090
694300,486010
687200,481040
687200,481040
687200,481040
601400,420980
600014.285714286,420010
600014.285714286,420010
593628.571428571,415540
593628.571428571,415540
572900,401030
572900,401030
568600,398020
568600,398020
568600,398020
547800,383460
545100,381570
545100,381570
529471.428571429,370630
529471.428571429,370630
526700,368690
524800,367360
524800,367360
523600,366520
510200,357140
505800,354060
505800,354060
492000,344400
481000,336700
481000,336700
481000,336700
477100,333970
477100,333970
476728.571428571,333710
476728.571428571,333710
473200,331240
473200,331240
466400,326480
454300,318010
453500,317450
447285.714285714,313100
445100,311570
445100,311570
443900,310730
443900,310730
439500,307650
439500,307650
439500,307650
438000,306600
424100,296870
420800,294560
420800,294560
419800,293860
417800,292460
413500,289450
413500,289450
411800,288260
411800,288260
411514.285714286,288060
411514.285714286,288060
405900,284130
405900,284130
403300,282310
403300,282310
401700,281190
399800,279860
399600,279720
399600,279720
399400,279580
399400,279580
399100,279370
398214.285714286,278750
395800,277060
392500,274750
390600,273420
390600,273420
390600,273420
386900,270830
386700,270690
386100,270270
386100,270270
386000,270200
386000,270200
386000,270200
385000,269500
385000,269500
385000,269500
384000,268800
384000,268800
384000,268800
383842.857142857,268690
382100,267470
380600,266420
380600,266420
380600,266420
379500,265650
376500,263550
376000,263200
376000,263200
374500,262150
374114.285714286,261880
373800,261660
373700,261590
373700,261590
373500,261450
373500,261450
373300,261310
372100,260470
372100,260470
371700,260190
371700,260190
371700,260190
371600,260120
371600,260120
370700,259490
370700,259490
370700,259490
370600,259420
370300,259210
370300,259210
369800,258860
368900,258230
368900,258230
368900,258230
368900,258230
368000,257600
367900,257530
366600,256620
366600,256620
366100,256270
364700,255290
364700,255290
363100,254170
363100,254170
363100,254170
363000,254100
363000,254100
362700,253890
362700,253890
362400,253680
361700,253190
360300,252210
360300,252210
359200,251440
358100,250670
358000,250600
357800,250460
357100,249970
356700,249690
356200,249340
356200,249340
355700,248990
355700,248990
355700,248990
355700,248990
355300,248710
353800,247660
353600,247520
353200,247240
353100,247170
353100,247170
352900,247030
352900,247030
352900,247030
352900,247030
352600,246820
352400,246680
351900,246330
351900,246330
351700,246190
351700,246190
351100,245770
351000,245700
350000,245000
350000,245000
349600,244720
348800,244160
347500,243250
347500,243250
347500,243250
346300,242410
346300,242410
345600,241920
345100,241570
345100,241570
345100,241570
344500,241150
344500,241150
343300,240310
342942.857142857,240060
342900,240030
342900,240030
342800,239960
342500,239750
342200,239540
342200,239540
342100,239470
342100,239470
341800,239260
341700,239190
341200,238840
341000,238700
340600,238420
340400,238280
340400,238280
339300,237510
339100,237370
338100,236670
337900,236530
337700,236390
337200,236040
337200,236040
337200,236040
336900,235830
336100,235270
336100,235270
335900,235130
335900,235130
335700,234990
335200,234640
334900,234430
334900,234430
334700,234290
334600,234220
334600,234220
334600,234220
332800,232960
332100,232470
331800,232260
331500,232050
331200,231840
331200,231840
331200,231840
331200,231840
331200,231840
330800,231560
329900,230930
329900,230930
329800,230860
329700,230790
329700,230790
328400,229880
328400,229880
328400,229880
328400,229880
327400,229180
327400,229180
327400,229180
326800,228760
326300,228410
325500,227850
324700,227290
324000,226800
323900,226730
323600,226520
323500,226450
323500,226450
323500,226450
323500,226450
321900,225330
321700,225190
321700,225190
321700,225190
321700,225190
321042.857142857,224730
321042.857142857,224730
320900,224630
320900,224630
320900,224630
320400,224280
320000,224000
319328.571428571,223530
319100,223370
319100,223370
319100,223370
318200,222740
317300,222110
317300,222110
315900,221130
315800,221060
315800,221060
315700,220990
315700,220990
315700,220990
315600,220920
314200,219940
313700,219590
313700,219590
313500,219450
313500,219450
313500,219450
313300,219310
313300,219310
312614.285714286,218830
312614.285714286,218830
312600,218820
312600,218820
312500,218750
312100,218470
312100,218470
311900,218330
311900,218330
311900,218330
311900,218330
311900,218330
311600,218120
311600,218120
311400,217980
311400,217980
311400,217980
311400,217980
311400,217980
310400,217280
310100,217070
310100,217070
310000,217000
310000,217000
309800,216860
309800,216860
309300,216510
309300,216510
308800,216160
308700,216090
308700,216090
308600,216020
308200,215740
307900,215530
307600,215320
307600,215320
307500,215250
307500,215250
307500,215250
307300,215110
307300,215110
307300,215110
307100,214970
306500,214550
306500,214550
306300,214410
306300,214410
306100,214270
306100,214270
306100,214270
306000,214200
305800,214060
305800,214060
305800,214060
305800,214060
305300,213710
304100,212870
304100,212870
303500,212450
303500,212450
303500,212450
303200,212240
302700,211890
302700,211890
302400,211680
302400,211680
302200,211540
302200,211540
302200,211540
302200,211540
302000,211400
302000,211400
301800,211260
301800,211260
301800,211260
301800,211260
301800,211260
301700,211190
301400,210980
301100,210770
301000,210700
301000,210700
300900,210630
300900,210630
300800,210560
300700,210490
300500,210350
300300,210210
300200,210140
300200,210140
300200,210140
300200,210140
300200,210140
300100,210070
300100,210070
300100,210070
299700,209790
299500,209650
299500,209650
299500,209650
299200,209440
299200,209440
299000,209300
298900,209230
298900,209230
298900,209230
298400,208880
298300,208810
298114.285714286,208680
297500,208250
296900,207830
296600,207620
296100,207270
296100,207270
296042.857142857,207230
295700,206990
295700,206990
295700,206990
295700,206990
295700,206990
295400,206780
295400,206780
295200,206640
295200,206640
295000,206500
295000,206500
295000,206500
295000,206500
294700,206290
294700,206290
294700,206290
294700,206290
294700,206290
294700,206290
294700,206290
294200,205940
294000,205800
293200,205240
292900,205030
292900,205030
292800,204960
292700,204890
292100,204470
291700,204190
291700,204190
291700,204190
290300,203210
290300,203210
290200,203140
289700,202790
289700,202790
289600,202720
289600,202720
289500,202650
289500,202650
289300,202510
289200,202440
289100,202370
289100,202370
289100,202370
289000,202300
288800,202160
288800,202160
288642.857142857,202050
288300,201810
288300,201810
288300,201810
288000,201600
287700,201390
287700,201390
287600,201320
287600,201320
287428.571428571,201200
287428.571428571,201200
287400,201180
287400,201180
287400,201180
287300,201110
287300,201110
287200,201040
287142.857142857,201000
287142.857142857,201000
286700,200690
286600,200620
286400,200480
286400,200480
286400,200480
286300,200410
285900,200130
285800,200060
285800,200060
285800,200060
285800,200060
285800,200060
285800,200060
285400,199780
285400,199780
285200,199640
285200,199640
285200,199640
285200,199640
285100,199570
285100,199570
284800,199360
284800,199360
284700,199290
284600,199220
283800,198660
283800,198660
283700,198590
283700,198590
283300,198310
283100,198170
283100,198170
283100,198170
282800,197960
282800,197960
282800,197960
282500,197750
282500,197750
282500,197750
282300,197610
281900,197330
281700,197190
281700,197190
281700,197190
281600,197120
281600,197120
281400,196980
281400,196980
281400,196980
281300,196910
281300,196910
280900,196630
280800,196560
280400,196280
280300,196210
280200,196140
280200,196140
280200,196140
280000,196000
280000,196000
279700,195790
279700,195790
279600,195720
279600,195720
279400,195580
279014.285714286,195310
279000,195300
278600,195020
278600,195020
278500,194950
278400,194880
278100,194670
278100,194670
278000,194600
277700,194390
277600,194320
277600,194320
276800,193760
276800,193760
276800,193760
276800,193760
276600,193620
276500,193550
276400,193480
276400,193480
276400,193480
276200,193340
275800,193060
275800,193060
275700,192990
275700,192990
275700,192990
275600,192920
275600,192920
275600,192920
275400,192780
275400,192780
275400,192780
275400,192780
275000,192500
274900,192430
274900,192430
274900,192430
274800,192360
274800,192360
274800,192360
274700,192290
274600,192220
274500,192150
274400,192080
273900,191730
273900,191730
273900,191730
273800,191660
273600,191520
273600,191520
273400,191380
273400,191380
273200,191240
273100,191170
273100,191170
273000,191100
273000,191100
273000,191100
272900,191030
272800,190960
272700,190890
272400,190680
272400,190680
272400,190680
272400,190680
272400,190680
272200,190540
271900,190330
271700,190190
271700,190190
271614.285714286,190130
271614.285714286,190130
271500,190050
271400,189980
271000,189700
271000,189700
270900,189630
270900,189630
270800,189560
270800,189560
270800,189560
270800,189560
270757.142857143,189530
270700,189490
270700,189490
270600,189420
270100,189070
270014.285714286,189010
269600,188720
269500,188650
269400,188580
269300,188510
269200,188440
269200,188440
269200,188440
269200,188440
268900,188230
268800,188160
268785.714285714,188150
268785.714285714,188150
268785.714285714,188150
268700,188090
268700,188090
268700,188090
268600,188020
268600,188020
268500,187950
268300,187810
268200,187740
268000,187600
267900,187530
267800,187460
267800,187460
267800,187460
267600,187320
267600,187320
267500,187250
267400,187180
267400,187180
267400,187180
267200,187040
267200,187040
267200,187040
267000,186900
267000,186900
266800,186760
266300,186410
266000,186200
266000,186200
266000,186200
265900,186130
265900,186130
265900,186130
265714.285714286,186000
265400,185780
265400,185780
265300,185710
265300,185710
265100,185570
265100,185570
264800,185360
264800,185360
264700,185290
264700,185290
264700,185290
264400,185080
264400,185080
264400,185080
264400,185080
264285.714285714,185000
264200,184940
264100,184870
264100,184870
263928.571428571,184750
263900,184730
263871.428571429,184710
263871.428571429,184710
263700,184590
263700,184590
263300,184310
263300,184310
263300,184310
263000,184100
263000,184100
262600,183820
262300,183610
262300,183610
262300,183610
262300,183610
262100,183470
262100,183470
262000,183400
262000,183400
261700,183190
261700,183190
261700,183190
261700,183190
261400,182980
261400,182980
261400,182980
261300,182910
261100,182770
261100,182770
261100,182770
260900,182630
260900,182630
260900,182630
260800,182560
260600,182420
260600,182420
260500,182350
260400,182280
260400,182280
260100,182070
260100,182070
260100,182070
260100,182070
260000,182000
259900,181930
259600,181720
259500,181650
258800,181160
258700,181090
258700,181090
258700,181090
258600,181020
258600,181020
258400,180880
258200,180740
257800,180460
257600,180320
257300,180110
257300,180110
257300,180110
257300,180110
257200,180040
257000,179900
257000,179900
257000,179900
256700,179690
256700,179690
256700,179690
256600,179620
256600,179620
256100,179270
256100,179270
255900,179130
255800,179060
255800,179060
255800,179060
255700,178990
255700,178990
255700,178990
255700,178990
255500,178850
255500,178850
255371.428571429,178760
255200,178640
255200,178640
255000,178500
255000,178500
254900,178430
254800,178360
254700,178290
254700,178290
254700,178290
254700,178290
254700,178290
254600,178220
254600,178220
254600,178220
254400,178080
254400,178080
254300,178010
254300,178010
254100,177870
254100,177870
254000,177800
254000,177800
254000,177800
254000,177800
253900,177730
253800,177660
253800,177660
253700,177590
253600,177520
253600,177520
253200,177240
252928.571428571,177050
252800,176960
252700,176890
252400,176680
252400,176680
252300,176610
252300,176610
252300,176610
252200,176540
252200,176540
252100,176470
251900,176330
251900,176330
251900,176330
251700,176190
251700,176190
251700,176190
251500,176050
251400,175980
251242.857142857,175870
251242.857142857,175870
251242.857142857,175870
251242.857142857,175870
251100,175770
251100,175770
250900,175630
250900,175630
250200,175140
250200,175140
250000,175000
250000,175000
250000,175000
250000,175000
249900,174930
249900,174930
249900,174930
249900,174930
249800,174860
249800,174860
249800,174860
249600,174720
249600,174720
249600,174720
249600,174720
249600,174720
249600,174720
249600,174720
249600,174720
249500,174650
249400,174580
249300,174510
249100,174370
249100,174370
249100,174370
249000,174300
248900,174230
248900,174230
248900,174230
248900,174230
248900,174230
248900,174230
248800,174160
248700,174090
248600,174020
248600,174020
248500,173950
248400,173880
248300,173810
248300,173810
248300,173810
248300,173810
248214.285714286,173750
248200,173740
248200,173740
248200,173740
248200,173740
248100,173670
248000,173600
248000,173600
247800,173460
247800,173460
247800,173460
247700,173390
247700,173390
247600,173320
247600,173320
247500,173250
247400,173180
247400,173180
247400,173180
247200,173040
247000,172900
247000,172900
247000,172900
247000,172900
246600,172620
246600,172620
246600,172620
246600,172620
246600,172620
246485.714285714,172540
246400,172480
246400,172480
246300,172410
246300,172410
246300,172410
246200,172340
246200,172340
246200,172340
246200,172340
246200,172340
245900,172130
245900,172130
245600,171920
245600,171920
245600,171920
245600,171920
245500,171850
245500,171850
245300,171710
245300,171710
245300,171710
245100,171570
244600,171220
244600,171220
244600,171220
244600,171220
244300,171010
244300,171010
244300,171010
244200,170940
244100,170870
244100,170870
244100,170870
244000,170800
244000,170800
244000,170800
244000,170800
244000,170800
243900,170730
243500,170450
243300,170310
243300,170310
243100,170170
243100,170170
243100,170170
243100,170170
243000,170100
243000,170100
242900,170030
242600,169820
242600,169820
242100,169470
242100,169470
242000,169400
242000,169400
242000,169400
242000,169400
241900,169330
241800,169260
241800,169260
241800,169260
241800,169260
241800,169260
241800,169260
241500,169050
241500,169050
241200,168840
241100,168770
241000,168700
241000,168700
240700,168490
240700,168490
240600,168420
240600,168420
240600,168420
240600,168420
240600,168420
240300,168210
240300,168210
240200,168140
240000,168000
240000,168000
239900,167930
239900,167930
239800,167860
239800,167860
239800,167860
239757.142857143,167830
239500,167650
239400,167580
239300,167510
239200,167440
239200,167440
239200,167440
239200,167440
239200,167440
239100,167370
239100,167370
238700,167090
238300,166810
238300,166810
238300,166810
238300,166810
238300,166810
238100,166670
237900,166530
237900,166530
237900,166530
237900,166530
237600,166320
237600,166320
237500,166250
237400,166180
237400,166180
237400,166180
237300,166110
237300,166110
237300,166110
237300,166110
237000,165900
237000,165900
236900,165830
236800,165760
236800,165760
236700,165690
236600,165620
236600,165620
236600,165620
236600,165620
236600,165620
236600,165620
236600,165620
236400,165480
236400,165480
236400,165480
236400,165480
236300,165410
236200,165340
236100,165270
236000,165200
236000,165200
236000,165200
236000,165200
235928.571428571,165150
235900,165130
235800,165060
235600,164920
235600,164920
235400,164780
235400,164780
235400,164780
235400,164780
235400,164780
235100,164570
234900,164430
234900,164430
234800,164360
234800,164360
234628.571428571,164240
234628.571428571,164240
234600,164220
234600,164220
234600,164220
234600,164220
234600,164220
234500,164150
234500,164150
234500,164150
234500,164150
234500,164150
234500,164150
234300,164010
234300,164010
234300,164010
234200,163940
234200,163940
234200,163940
234200,163940
234200,163940
234200,163940
234100,163870
234100,163870
234000,163800
234000,163800
233700,163590
233600,163520
233600,163520
233600,163520
233400,163380
233400,163380
233400,163380
233300,163310
233000,163100
232800,162960
232600,162820
232600,162820
232500,162750
232500,162750
232500,162750
232500,162750
232500,162750
232100,162470
232100,162470
232100,162470
232100,162470
232000,162400
231600,162120
231500,162050
231500,162050
231500,162050
231500,162050
231400,161980
231400,161980
231400,161980
231400,161980
231400,161980
231400,161980
231100,161770
231100,161770
231000,161700
230700,161490
230700,161490
230600,161420
230500,161350
230500,161350
230500,161350
230500,161350
230500,161350
230400,161280
230400,161280
230400,161280
230300,161210
230300,161210
230300,161210
230200,161140
230200,161140
230100,161070
230000,161000
229900,160930
229900,160930
229900,160930
229500,160650
229500,160650
229300,160510
229300,160510
229300,160510
229300,160510
229200,160440
229200,160440
229200,160440
229200,160440
229200,160440
229100,160370
228700,160090
228700,160090
228600,160020
228600,160020
228557.142857143,159990
228557.142857143,159990
228100,159670
228100,159670
228100,159670
228100,159670
228100,159670
228100,159670
228000,159600
228000,159600
227900,159530
227900,159530
227900,159530
227900,159530
227900,159530
227900,159530
227900,159530
227900,159530
227900,159530
227900,159530
227900,159530
227900,159530
227800,159460
227700,159390
227700,159390
227700,159390
227700,159390
227500,159250
227500,159250
227500,159250
227500,159250
227500,159250
227300,159110
227200,159040
227000,158900
227000,158900
227000,158900
227000,158900
226900,158830
226900,158830
226800,158760
226800,158760
226800,158760
226700,158690
226700,158690
226700,158690
226600,158620
226600,158620
226600,158620
226600,158620
226600,158620
226600,158620
226600,158620
226500,158550
226400,158480
226300,158410
226300,158410
226300,158410
226200,158340
226200,158340
225900,158130
225900,158130
225600,157920
225600,157920
225600,157920
225100,157570
225100,157570
224900,157430
224900,157430
224700,157290
224700,157290
224700,157290
224700,157290
224700,157290
224700,157290
224600,157220
224600,157220
224600,157220
224500,157150
224357.142857143,157050
224100,156870
223900,156730
223900,156730
223900,156730
223800,156660
223800,156660
223700,156590
223700,156590
223700,156590
223700,156590
223700,156590
223700,156590
223500,156450
223500,156450
223400,156380
223400,156380
223400,156380
223300,156310
223300,156310
223300,156310
223200,156240
223200,156240
223100,156170
223100,156170
223100,156170
222900,156030
222800,155960
222771.428571429,155940
222700,155890
222700,155890
222700,155890
222700,155890
222700,155890
222700,155890
222700,155890
222500,155750
222500,155750
222500,155750
222200,155540
222100,155470
222100,155470
222000,155400
222000,155400
221900,155330
221900,155330
221900,155330
221828.571428571,155280
221828.571428571,155280
221800,155260
221800,155260
221800,155260
221800,155260
221700,155190
221700,155190
221600,155120
221600,155120
221600,155120
221600,155120
221200,154840
221200,154840
221200,154840
221200,154840
221200,154840
221200,154840
221000,154700
220928.571428571,154650
220900,154630
220900,154630
220900,154630
220800,154560
220800,154560
220700,154490
220700,154490
220600,154420
220600,154420
220500,154350
220500,154350
220500,154350
220500,154350
220500,154350
220500,154350
220500,154350
220500,154350
220400,154280
220400,154280
220400,154280
220400,154280
220200,154140
219700,153790
219700,153790
219600,153720
219600,153720
219600,153720
219600,153720
219400,153580
219400,153580
219400,153580
219300,153510
219300,153510
219300,153510
219200,153440
219200,153440
219200,153440
219200,153440
219100,153370
219000,153300
219000,153300
219000,153300
218900,153230
218900,153230
218900,153230
218900,153230
218900,153230
218900,153230
218800,153160
218600,153020
218600,153020
218500,152950
218500,152950
218400,152880
218300,152810
218300,152810
218300,152810
218200,152740
218200,152740
218000,152600
217800,152460
217800,152460
217800,152460
217700,152390
217600,152320
217600,152320
217500,152250
217500,152250
217300,152110
217200,152040
217200,152040
217200,152040
217200,152040
217200,152040
217200,152040
217100,151970
217100,151970
217000,151900
217000,151900
217000,151900
217000,151900
217000,151900
216900,151830
216600,151620
216500,151550
216500,151550
216500,151550
216500,151550
216500,151550
216300,151410
216300,151410
216200,151340
216200,151340
216200,151340
216200,151340
216200,151340
216100,151270
216100,151270
216100,151270
216100,151270
215800,151060
215800,151060
215800,151060
215700,150990
215700,150990
215600,150920
215400,150780
215400,150780
215400,150780
215400,150780
215400,150780
215400,150780
215300,150710
215100,150570
215100,150570
215100,150570
215100,150570
215100,150570
214900,150430
214900,150430
214900,150430
214800,150360
214600,150220
214600,150220
214600,150220
214400,150080
214400,150080
214400,150080
214400,150080
214400,150080
214300,150010
214300,150010
214300,150010
214300,150010
214300,150010
214200,149940
214200,149940
214200,149940
214200,149940
214100,149870
214100,149870
214100,149870
214000,149800
214000,149800
214000,149800
214000,149800
214000,149800
213900,149730
213600,149520
213600,149520
213600,149520
213600,149520
213500,149450
213400,149380
213400,149380
213400,149380
213100,149170
213100,149170
213100,149170
213100,149170
213000,149100
213000,149100
213000,149100
213000,149100
212900,149030
212900,149030
212900,149030
212800,148960
212800,148960
212800,148960
212800,148960
212600,148820
212600,148820
212600,148820
212600,148820
212500,148750
212500,148750
212400,148680
212400,148680
212300,148610
212100,148470
212100,148470
212000,148400
212000,148400
212000,148400
212000,148400
212000,148400
211900,148330
211700,148190
211700,148190
211700,148190
211700,148190
211700,148190
211700,148190
211400,147980
211300,147910
211300,147910
211300,147910
211300,147910
211300,147910
211200,147840
211200,147840
211200,147840
211200,147840
211200,147840
211200,147840
211100,147770
211100,147770
211000,147700
211000,147700
210900,147630
210900,147630
210800,147560
210800,147560
210800,147560
210700,147490
210700,147490
210700,147490
210600,147420
210600,147420
210514.285714286,147360
210500,147350
210500,147350
210500,147350
210500,147350
210100,147070
209800,146860
209800,146860
209700,146790
209700,146790
209700,146790
209700,146790
209600,146720
209400,146580
209400,146580
209300,146510
209200,146440
209100,146370
209100,146370
209100,146370
209100,146370
209000,146300
209000,146300
208900,146230
208900,146230
208900,146230
208900,146230
208900,146230
208900,146230
208800,146160
208700,146090
208700,146090
208700,146090
208700,146090
208500,145950
208500,145950
208500,145950
208400,145880
208400,145880
208400,145880
208400,145880
208400,145880
208300,145810
208300,145810
208300,145810
208300,145810
208300,145810
208200,145740
208200,145740
208200,145740
208000,145600
207900,145530
207800,145460
207800,145460
207800,145460
207800,145460
207700,145390
207700,145390
207700,145390
207700,145390
207700,145390
207600,145320
207600,145320
207300,145110
207300,145110
207300,145110
207200,145040
207200,145040
207200,145040
207000,144900
206900,144830
206800,144760
206700,144690
206600,144620
206500,144550
206500,144550
206400,144480
206300,144410
206300,144410
206200,144340
206100,144270
206100,144270
206100,144270
206100,144270
206000,144200
206000,144200
206000,144200
206000,144200
205900,144130
205900,144130
205900,144130
205900,144130
205900,144130
205900,144130
205900,144130
205900,144130
205800,144060
205700,143990
205700,143990
205700,143990
205600,143920
205600,143920
205600,143920
205500,143850
205500,143850
205400,143780
205400,143780
205400,143780
205400,143780
205400,143780
205400,143780
205400,143780
205300,143710
205200,143640
205200,143640
205200,143640
205100,143570
205100,143570
205100,143570
205000,143500
204900,143430
204800,143360
204800,143360
204800,143360
204800,143360
204800,143360
204800,143360
204800,143360
204700,143290
204700,143290
204700,143290
204500,143150
204500,143150
204500,143150
204500,143150
204500,143150
204400,143080
204400,143080
204400,143080
204400,143080
204400,143080
204400,143080
204300,143010
204300,143010
204300,143010
204100,142870
204100,142870
204100,142870
204100,142870
204000,142800
203900,142730
203800,142660
203800,142660
203800,142660
203800,142660
203800,142660
203800,142660
203700,142590
203700,142590
203700,142590
203700,142590
203600,142520
203500,142450
203500,142450
203400,142380
203300,142310
203300,142310
203300,142310
203200,142240
203100,142170
203000,142100
203000,142100
203000,142100
203000,142100
202900,142030
202800,141960
202800,141960
202800,141960
202800,141960
202700,141890
202700,141890
202700,141890
202700,141890
202700,141890
202600,141820
202600,141820
202600,141820
202600,141820
202600,141820
202500,141750
202500,141750
202300,141610
202300,141610
202200,141540
202200,141540
202200,141540
202000,141400
201800,141260
201800,141260
201600,141120
201600,141120
201300,140910
201300,140910
201300,140910
201300,140910
201300,140910
201300,140910
201300,140910
201300,140910
201200,140840
201000,140700
201000,140700
201000,140700
201000,140700
200900,140630
200900,140630
200900,140630
200900,140630
200800,140560
200700,140490
200700,140490
200700,140490
200500,140350
200500,140350
200500,140350
200500,140350
200300,140210
200300,140210
200300,140210
200200,140140
200200,140140
200200,140140
200200,140140
200100,140070
200100,140070
200100,140070
200100,140070
2e+05,140000
199900,139930
199900,139930
199700,139790
199700,139790
199700,139790
199600,139720
199600,139720
199600,139720
199600,139720
199600,139720
199500,139650
199500,139650
199500,139650
199500,139650
199500,139650
199400,139580
199328.571428571,139530
199300,139510
199300,139510
199300,139510
199100,139370
199000,139300
199000,139300
199000,139300
198900,139230
198842.857142857,139190
198800,139160
198800,139160
198700,139090
198700,139090
198500,138950
198500,138950
198500,138950
198500,138950
198500,138950
198500,138950
198400,138880
198400,138880
198200,138740
198100,138670
198000,138600
198000,138600
198000,138600
198000,138600
198000,138600
197900,138530
197700,138390
197700,138390
197700,138390
197600,138320
197600,138320
197500,138250
197500,138250
197500,138250
197300,138110
197300,138110
197300,138110
197300,138110
197300,138110
197200,138040
197100,137970
197100,137970
197100,137970
197100,137970
197100,137970
197100,137970
196900,137830
196900,137830
196800,137760
196700,137690
196700,137690
196700,137690
196700,137690
196700,137690
196700,137690
196600,137620
196600,137620
196600,137620
196600,137620
196500,137550
196500,137550
196400,137480
196400,137480
196400,137480
196400,137480
196400,137480
196300,137410
196300,137410
196300,137410
196300,137410
196100,137270
196000,137200
196000,137200
196000,137200
196000,137200
195900,137130
195900,137130
195800,137060
195700,136990
195700,136990
195600,136920
195600,136920
195600,136920
195500,136850
195300,136710
195300,136710
195100,136570
195100,136570
195100,136570
195100,136570
195000,136500
194900,136430
194900,136430
194800,136360
194800,136360
194600,136220
194500,136150
194500,136150
194500,136150
194400,136080
194300,136010
194200,135940
194200,135940
194200,135940
194100,135870
194000,135800
194000,135800
194000,135800
193900,135730
193900,135730
193900,135730
193800,135660
193800,135660
193700,135590
193700,135590
193700,135590
193700,135590
193700,135590
193600,135520
193600,135520
193500,135450
193500,135450
193500,135450
193500,135450
193500,135450
193500,135450
193400,135380
193400,135380
193400,135380
193300,135310
193300,135310
193300,135310
193200,135240
193200,135240
193200,135240
193200,135240
193200,135240
193200,135240
193100,135170
193100,135170
193100,135170
193000,135100
192900,135030
192900,135030
192900,135030
192900,135030
192900,135030
192900,135030
192800,134960
192700,134890
192700,134890
192600,134820
192500,134750
192500,134750
192500,134750
192500,134750
192300,134610
192300,134610
192200,134540
192200,134540
192100,134470
192100,134470
192100,134470
192000,134400
192000,134400
192000,134400
192000,134400
192000,134400
192000,134400
192000,134400
191900,134330
191800,134260
191800,134260
191700,134190
191700,134190
191700,134190
191700,134190
191700,134190
191700,134190
191600,134120
191600,134120
191600,134120
191600,134120
191600,134120
191500,134050
191500,134050
191500,134050
191500,134050
191400,133980
191400,133980
191300,133910
191300,133910
191200,133840
191100,133770
191100,133770
191100,133770
191000,133700
190900,133630
190800,133560
190700,133490
190700,133490
190600,133420
190400,133280
190200,133140
189900,132930
189900,132930
189800,132860
189800,132860
189800,132860
189700,132790
189400,132580
189300,132510
189300,132510
189300,132510
189300,132510
189300,132510
189300,132510
189200,132440
189200,132440
189200,132440
189100,132370
189100,132370
189100,132370
189100,132370
189100,132370
189000,132300
189000,132300
189000,132300
188900,132230
188900,132230
188600,132020
188500,131950
188500,131950
188500,131950
188414.285714286,131890
188414.285714286,131890
188400,131880
188300,131810
188300,131810
188300,131810
188300,131810
188300,131810
188300,131810
188300,131810
188200,131740
188100,131670
188100,131670
188100,131670
188000,131600
188000,131600
187900,131530
187800,131460
187800,131460
187800,131460
187600,131320
187500,131250
187500,131250
187400,131180
187400,131180
187400,131180
187400,131180
187400,131180
187300,131110
187300,131110
187300,131110
187100,130970
187100,130970
187000,130900
186900,130830
186900,130830
186900,130830
186900,130830
186700,130690
186500,130550
186500,130550
186500,130550
186500,130550
186400,130480
186200,130340
186200,130340
186100,130270
186100,130270
186100,130270
185800,130060
185800,130060
185800,130060
185700,129990
185700,129990
185700,129990
185600,129920
185600,129920
185600,129920
185500,129850
185457.142857143,129820
185457.142857143,129820
185457.142857143,129820
185400,129780
185400,129780
185400,129780
185300,129710
185200,129640
185200,129640
185200,129640
185200,129640
185100,129570
185100,129570
185000,129500
185000,129500
184900,129430
184800,129360
184700,129290
184700,129290
184700,129290
184700,129290
184700,129290
184700,129290
184600,129220
184600,129220
184600,129220
184600,129220
184600,129220
184600,129220
184600,129220
184300,129010
184300,129010
184200,128940
184200,128940
184200,128940
184100,128870
184100,128870
184000,128800
184000,128800
184000,128800
184000,128800
183900,128730
183900,128730
183800,128660
183800,128660
183800,128660
183800,128660
183700,128590
183700,128590
183700,128590
183700,128590
183600,128520
183600,128520
183600,128520
183600,128520
183600,128520
183500,128450
183500,128450
183500,128450
183400,128380
183400,128380
183400,128380
183400,128380
183400,128380
183400,128380
183400,128380
183400,128380
183200,128240
183200,128240
183200,128240
183100,128170
183100,128170
183100,128170
183100,128170
182900,128030
182800,127960
182800,127960
182700,127890
182500,127750
182300,127610
182285.714285714,127600
182285.714285714,127600
182285.714285714,127600
182200,127540
182000,127400
182000,127400
181900,127330
181900,127330
181800,127260
181800,127260
181600,127120
181600,127120
181600,127120
181600,127120
181500,127050
181500,127050
181400,126980
181400,126980
181400,126980
181100,126770
181100,126770
181042.857142857,126730
181042.857142857,126730
181042.857142857,126730
180900,126630
180900,126630
180800,126560
180800,126560
180800,126560
180800,126560
180600,126420
180600,126420
180600,126420
180600,126420
180600,126420
180600,126420
180600,126420
180500,126350
180400,126280
180400,126280
180200,126140
180100,126070
180000,126000
180000,126000
180000,126000
180000,126000
180000,126000
179900,125930
179900,125930
179900,125930
179900,125930
179900,125930
179800,125860
179800,125860
179800,125860
179600,125720
179600,125720
179600,125720
179600,125720
179600,125720
179600,125720
179500,125650
179500,125650
179400,125580
179400,125580
179400,125580
179385.714285714,125570
179200,125440
179100,125370
179100,125370
179100,125370
179100,125370
179000,125300
178900,125230
178900,125230
178800,125160
178800,125160
178700,125090
178600,125020
178600,125020
178600,125020
178471.428571429,124930
178400,124880
178400,124880
178300,124810
178300,124810
178300,124810
178300,124810
178285.714285714,124800
178100,124670
178100,124670
178100,124670
178100,124670
178100,124670
178000,124600
178000,124600
178000,124600
177900,124530
177900,124530
177800,124460
177800,124460
177700,124390
177700,124390
177700,124390
177700,124390
177700,124390
177700,124390
177700,124390
177700,124390
177700,124390
177600,124320
177600,124320
177500,124250
177400,124180
177300,124110
177200,124040
177200,124040
177100,123970
177100,123970
177100,123970
176800,123760
176800,123760
176600,123620
176600,123620
176600,123620
176600,123620
176600,123620
176600,123620
176500,123550
176500,123550
176500,123550
176500,123550
176500,123550
176500,123550
176400,123480
176300,123410
176300,123410
176300,123410
176200,123340
176200,123340
176200,123340
176100,123270
176000,123200
176000,123200
176000,123200
176000,123200
176000,123200
176000,123200
176000,123200
176000,123200
175900,123130
175900,123130
175900,123130
175800,123060
175800,123060
175800,123060
175700,122990
175700,122990
175500,122850
175500,122850
175400,122780
175300,122710
175300,122710
175300,122710
175300,122710
175300,122710
175300,122710
175100,122570
175000,122500
175000,122500
174800,122360
174800,122360
174800,122360
174800,122360
174700,122290
174700,122290
174700,122290
174700,122290
174600,122220
174500,122150
174500,122150
174400,122080
174400,122080
174400,122080
174200,121940
174200,121940
174200,121940
174200,121940
174100,121870
173800,121660
173800,121660
173700,121590
173700,121590
173700,121590
173700,121590
173700,121590
173600,121520
173600,121520
173600,121520
173600,121520
173600,121520
173600,121520
173500,121450
173500,121450
173500,121450
173500,121450
173400,121380
173400,121380
173400,121380
173200,121240
173100,121170
173100,121170
173100,121170
173100,121170
173100,121170
173100,121170
173000,121100
173000,121100
173000,121100
172700,120890
172700,120890
172700,120890
172700,120890
172700,120890
172700,120890
172700,120890
172700,120890
172500,120750
172500,120750
172500,120750
172400,120680
172200,120540
172200,120540
172200,120540
172200,120540
172085.714285714,120460
172085.714285714,120460
172085.714285714,120460
172085.714285714,120460
172000,120400
172000,120400
171900,120330
171900,120330
171900,120330
171800,120260
171700,120190
171700,120190
171700,120190
171500,120050
171500,120050
171500,120050
171428.571428571,120000
171400,119980
171300,119910
171285.714285714,119900
171200,119840
171200,119840
171200,119840
171200,119840
171100,119770
171100,119770
171000,119700
170900,119630
170900,119630
170900,119630
170900,119630
170900,119630
170871.428571429,119610
170871.428571429,119610
170800,119560
170800,119560
170800,119560
170600,119420
170600,119420
170500,119350
170500,119350
170500,119350
170500,119350
170500,119350
170500,119350
170400,119280
170400,119280
170400,119280
170400,119280
170400,119280
170400,119280
170400,119280
170400,119280
170400,119280
170300,119210
170300,119210
170300,119210
170300,119210
170200,119140
170200,119140
170200,119140
170200,119140
170100,119070
170100,119070
170100,119070
170100,119070
170100,119070
170100,119070
170100,119070
170100,119070
170000,119000
169900,118930
169900,118930
169800,118860
169800,118860
169800,118860
169800,118860
169800,118860
169600,118720
169400,118580
169400,118580
169400,118580
169400,118580
169300,118510
169300,118510
169300,118510
169300,118510
169300,118510
169300,118510
169200,118440
169200,118440
169200,118440
169200,118440
169100,118370
169100,118370
169000,118300
168900,118230
168900,118230
168900,118230
168900,118230
168800,118160
168800,118160
168800,118160
168800,118160
168800,118160
168800,118160
168800,118160
168800,118160
168800,118160
168700,118090
168700,118090
168700,118090
168700,118090
168700,118090
168700,118090
168600,118020
168600,118020
168500,117950
168500,117950
168500,117950
168500,117950
168400,117880
168400,117880
168300,117810
168300,117810
168300,117810
168300,117810
168200,117740
168100,117670
168100,117670
168000,117600
168000,117600
168000,117600
168000,117600
168000,117600
168000,117600
168000,117600
168000,117600
168000,117600
168000,117600
168000,117600
168000,117600
168000,117600
168000,117600
167800,117460
167700,117390
167700,117390
167700,117390
167700,117390
167600,117320
167600,117320
167500,117250
167500,117250
167500,117250
167500,117250
167400,117180
167300,117110
167300,117110
167200,117040
167200,117040
167000,116900
167000,116900
167000,116900
166900,116830
166900,116830
166900,116830
166900,116830
166900,116830
166800,116760
166800,116760
166700,116690
166700,116690
166700,116690
166600,116620
166500,116550
166500,116550
166500,116550
166500,116550
166400,116480
166400,116480
166300,116410
166300,116410
166271.428571429,116390
166100,116270
166100,116270
166100,116270
166100,116270
166000,116200
165900,116130
165900,116130
165814.285714286,116070
165814.285714286,116070
165800,116060
165700,115990
165600,115920
165600,115920
165400,115780
165400,115780
165400,115780
165400,115780
165300,115710
165300,115710
165300,115710
165300,115710
165300,115710
165100,115570
165100,115570
165100,115570
165100,115570
165100,115570
165100,115570
165100,115570
165000,115500
165000,115500
165000,115500
165000,115500
165000,115500
165000,115500
164900,115430
164900,115430
164900,115430
164900,115430
164900,115430
164900,115430
164800,115360
164800,115360
164700,115290
164700,115290
164700,115290
164600,115220
164500,115150
164500,115150
164400,115080
164400,115080
164400,115080
164300,115010
164300,115010
164300,115010
164300,115010
164300,115010
164300,115010
164200,114940
164200,114940
164200,114940
164200,114940
164200,114940
164200,114940
164100,114870
164100,114870
164100,114870
164000,114800
164000,114800
164000,114800
163900,114730
163900,114730
163900,114730
163900,114730
163900,114730
163900,114730
163900,114730
163800,114660
163600,114520
163500,114450
163500,114450
163500,114450
163500,114450
163500,114450
163500,114450
163500,114450
163500,114450
163300,114310
163300,114310
163300,114310
163300,114310
163200,114240
163200,114240
163200,114240
163000,114100
162900,114030
162800,113960
162700,113890
162600,113820
162600,113820
162600,113820
162500,113750
162400,113680
162300,113610
162200,113540
162200,113540
162200,113540
162200,113540
162200,113540
162200,113540
162100,113470
162100,113470
162100,113470
162100,113470
161800,113260
161800,113260
161800,113260
161800,113260
161800,113260
161800,113260
161700,113190
161700,113190
161700,113190
161700,113190
161700,113190
161700,113190
161600,113120
161500,113050
161500,113050
161500,113050
161300,112910
161200,112840
161200,112840
161200,112840
161200,112840
161200,112840
161200,112840
161200,112840
161200,112840
161100,112770
161100,112770
161100,112770
161000,112700
161000,112700
160800,112560
160500,112350
160500,112350
160500,112350
160500,112350
160500,112350
160400,112280
160300,112210
160300,112210
160300,112210
160200,112140
160100,112070
160100,112070
160100,112070
160100,112070
160100,112070
160100,112070
159900,111930
159800,111860
159700,111790
159700,111790
159700,111790
159700,111790
159600,111720
159600,111720
159600,111720
159400,111580
159400,111580
159300,111510
159200,111440
159200,111440
158900,111230
158900,111230
158900,111230
158800,111160
158800,111160
158700,111090
158500,110950
158500,110950
158400,110880
158400,110880
158300,110810
158300,110810
158300,110810
158200,110740
158200,110740
158200,110740
158200,110740
158000,110600
158000,110600
157800,110460
157700,110390
157700,110390
157700,110390
157700,110390
157600,110320
157600,110320
157600,110320
157600,110320
157500,110250
157500,110250
157500,110250
157500,110250
157500,110250
157500,110250
157500,110250
157400,110180
157400,110180
157400,110180
157300,110110
157200,110040
157200,110040
157200,110040
157200,110040
157200,110040
157200,110040
157200,110040
157200,110040
157200,110040
157200,110040
157100,109970
157100,109970
157100,109970
157000,109900
156900,109830
156900,109830
156900,109830
156700,109690
156700,109690
156600,109620
156600,109620
156600,109620
156500,109550
156500,109550
156500,109550
156400,109480
156300,109410
156200,109340
156200,109340
156200,109340
156200,109340
156200,109340
156100,109270
156000,109200
155900,109130
155900,109130
155900,109130
155800,109060
155800,109060
155800,109060
155800,109060
155800,109060
155700,108990
155700,108990
155600,108920
155500,108850
155500,108850
155500,108850
155500,108850
155500,108850
155500,108850
155500,108850
155300,108710
155300,108710
155300,108710
155100,108570
155000,108500
155000,108500
155000,108500
155000,108500
155000,108500
155000,108500
155000,108500
155000,108500
155000,108500
155000,108500
154900,108430
154900,108430
154900,108430
154700,108290
154700,108290
154700,108290
154600,108220
154500,108150
154400,108080
154400,108080
154400,108080
154400,108080
154200,107940
154200,107940
153900,107730
153900,107730
153900,107730
153900,107730
153900,107730
153900,107730
153900,107730
153700,107590
153700,107590
153700,107590
153700,107590
153700,107590
153700,107590
153600,107520
153600,107520
153500,107450
153500,107450
153500,107450
153500,107450
153400,107380
153400,107380
153300,107310
153300,107310
153300,107310
153100,107170
153100,107170
153100,107170
153100,107170
153100,107170
153100,107170
153071.428571429,107150
153000,107100
152800,106960
152800,106960
152800,106960
152800,106960
152800,106960
152800,106960
152800,106960
152800,106960
152800,106960
152800,106960
152700,106890
152700,106890
152700,106890
152700,106890
152700,106890
152600,106820
152600,106820
152600,106820
152600,106820
152600,106820
152600,106820
152400,106680
152400,106680
152300,106610
152300,106610
152300,106610
151800,106260
151800,106260
151800,106260
151700,106190
151600,106120
151600,106120
151600,106120
151400,105980
151400,105980
151400,105980
151200,105840
151200,105840
151200,105840
151100,105770
151100,105770
151000,105700
150800,105560
150800,105560
150800,105560
150700,105490
150700,105490
150700,105490
150700,105490
150700,105490
150100,105070
150100,105070
150100,105070
150100,105070
150100,105070
150100,105070
150000,105000
150000,105000
149800,104860
149800,104860
149800,104860
149800,104860
149800,104860
149800,104860
149800,104860
149600,104720
149500,104650
149400,104580
149300,104510
149300,104510
149200,104440
149100,104370
149100,104370
149100,104370
149100,104370
149100,104370
149100,104370
149100,104370
149100,104370
149100,104370
149100,104370
149000,104300
149000,104300
149000,104300
148800,104160
148800,104160
148800,104160
148800,104160
148800,104160
148700,104090
148700,104090
148700,104090
148700,104090
148700,104090
148600,104020
148600,104020
148600,104020
148600,104020
148600,104020
148600,104020
148500,103950
148500,103950
148300,103810
148300,103810
148200,103740
148200,103740
148200,103740
148200,103740
148200,103740
148100,103670
148100,103670
148000,103600
148000,103600
148000,103600
148000,103600
147800,103460
147800,103460
147800,103460
147800,103460
147700,103390
147700,103390
147500,103250
147500,103250
147400,103180
147400,103180
147400,103180
147300,103110
147100,102970
147100,102970
147100,102970
147100,102970
147100,102970
147000,102900
147000,102900
147000,102900
146900,102830
146800,102760
146700,102690
146700,102690
146600,102620
146600,102620
146600,102620
146500,102550
146500,102550
146500,102550
146500,102550
146500,102550
146200,102340
146200,102340
146200,102340
146200,102340
146200,102340
146200,102340
146200,102340
146100,102270
146100,102270
146100,102270
146100,102270
146100,102270
146000,102200
145900,102130
145900,102130
145900,102130
145800,102060
145800,102060
145800,102060
145800,102060
145800,102060
145800,102060
145700,101990
145600,101920
145600,101920
145500,101850
145500,101850
145400,101780
145400,101780
145300,101710
145300,101710
145300,101710
145200,101640
145100,101570
145100,101570
145100,101570
145100,101570
145100,101570
145100,101570
145000,101500
145000,101500
144900,101430
144800,101360
144600,101220
144500,101150
144500,101150
144300,101010
144300,101010
144300,101010
144300,101010
143900,100730
143900,100730
143900,100730
143900,100730
143900,100730
143800,100660
143800,100660
143600,100520
143600,100520
143600,100520
143500,100450
143500,100450
143500,100450
143500,100450
143400,100380
143400,100380
143400,100380
142900,100030
142700,99890
142700,99890
142700,99890
142700,99890
142700,99890
142700,99890
142600,99820
142600,99820
142600,99820
142600,99820
142600,99820
142600,99820
142600,99820
142500,99750
142400,99680
142400,99680
142300,99610
142300,99610
142200,99540
142200,99540
142200,99540
142200,99540
142200,99540
142200,99540
142200,99540
142000,99400
142000,99400
141700,99190
141700,99190
141600,99120
141600,99120
141500,99050
141500,99050
141500,99050
141200,98840
141200,98840
141200,98840
141000,98700
140700,98490
140700,98490
140500,98350
140500,98350
140500,98350
140400,98280
140400,98280
140400,98280
140400,98280
140400,98280
140200,98140
140200,98140
140200,98140
140100,98070
140000,98000
140000,98000
140000,98000
140000,98000
140000,98000
140000,98000
140000,98000
139800,97860
139800,97860
139700,97790
139500,97650
139500,97650
139500,97650
139457.142857143,97620
139400,97580
139400,97580
139400,97580
139300,97510
139200,97440
139200,97440
138900,97230
138900,97230
138900,97230
138900,97230
138800,97160
138800,97160
138800,97160
138800,97160
138700,97090
138700,97090
138700,97090
138600,97020
138600,97020
138600,97020
138600,97020
138600,97020
138600,97020
138400,96880
138400,96880
138300,96810
138300,96810
138200,96740
138100,96670
137900,96530
137900,96530
137900,96530
137800,96460
137600,96320
137600,96320
137600,96320
137600,96320
137600,96320
137400,96180
137300,96110
137100,95970
137000,95900
136800,95760
136800,95760
136800,95760
136800,95760
136800,95760
136600,95620
136600,95620
136600,95620
136600,95620
136600,95620
136300,95410
136200,95340
136200,95340
135900,95130
135900,95130
135900,95130
135800,95060
135800,95060
135800,95060
135600,94920
135600,94920
135600,94920
135600,94920
135600,94920
135600,94920
135600,94920
135600,94920
135600,94920
135600,94920
135600,94920
135500,94850
135500,94850
135500,94850
135500,94850
135400,94780
135300,94710
135300,94710
135300,94710
135300,94710
135300,94710
135100,94570
135100,94570
135100,94570
135100,94570
135000,94500
135000,94500
134900,94430
134900,94430
134900,94430
134900,94430
134900,94430
134800,94360
134700,94290
134700,94290
134500,94150
134500,94150
134500,94150
134400,94080
134400,94080
134400,94080
134300,94010
134300,94010
134300,94010
133700,93590
133700,93590
133500,93450
133500,93450
133500,93450
133500,93450
133400,93380
133400,93380
133100,93170
132800,92960
132700,92890
132700,92890
132700,92890
132700,92890
132700,92890
132600,92820
132500,92750
132200,92540
132200,92540
132000,92400
132000,92400
131800,92260
131500,92050
131500,92050
131400,91980
131200,91840
131200,91840
131100,91770
131000,91700
130800,91560
130800,91560
130700,91490
130700,91490
130500,91350
130400,91280
130100,91070
130100,91070
130100,91070
130000,91000
129900,90930
129900,90930
129900,90930
129900,90930
129800,90860
129800,90860
129800,90860
129500,90650
129500,90650
129500,90650
129500,90650
129500,90650
129500,90650
129500,90650
129400,90580
129300,90510
129300,90510
129300,90510
129200,90440
129000,90300
128800,90160
128700,90090
128700,90090
128400,89880
128400,89880
128300,89810
128300,89810
128300,89810
128300,89810
128300,89810
128200,89740
128200,89740
128200,89740
128100,89670
127900,89530
127900,89530
127800,89460
127800,89460
127700,89390
127600,89320
127600,89320
127400,89180
127300,89110
127100,88970
127100,88970
127000,88900
126900,88830
126900,88830
126900,88830
126900,88830
126900,88830
126900,88830
126900,88830
126800,88760
126800,88760
126800,88760
126800,88760
126800,88760
126800,88760
126800,88760
126700,88690
126500,88550
126500,88550
126200,88340
126200,88340
126200,88340
126200,88340
126200,88340
126200,88340
126100,88270
125800,88060
125800,88060
125800,88060
125600,87920
125600,87920
125400,87780
125400,87780
125100,87570
125100,87570
125100,87570
124900,87430
124800,87360
124800,87360
124800,87360
124600,87220
124500,87150
124500,87150
124500,87150
124400,87080
124400,87080
124400,87080
124214.285714286,86950
124214.285714286,86950
124200,86940
124200,86940
124200,86940
124200,86940
124100,86870
124100,86870
124100,86870
124000,86800
124000,86800
124000,86800
124000,86800
123800,86660
123800,86660
123800,86660
123700,86590
123700,86590
123700,86590
123700,86590
123700,86590
123600,86520
123600,86520
123600,86520
123500,86450
123500,86450
123500,86450
123200,86240
123200,86240
123200,86240
123200,86240
122800,85960
122800,85960
122800,85960
122800,85960
122800,85960
122700,85890
122700,85890
122600,85820
122500,85750
122500,85750
122200,85540
122200,85540
122100,85470
122100,85470
122000,85400
122000,85400
122000,85400
121900,85330
121900,85330
121700,85190
121700,85190
121600,85120
121300,84910
121300,84910
121300,84910
121000,84700
121000,84700
120800,84560
120700,84490
120700,84490
120600,84420
120600,84420
120500,84350
120500,84350
120200,84140
120100,84070
120100,84070
120100,84070
120000,84000
120000,84000
119900,83930
119900,83930
119800,83860
119800,83860
119700,83790
119500,83650
119500,83650
119500,83650
119400,83580
119400,83580
119300,83510
119100,83370
119100,83370
118900,83230
118800,83160
118800,83160
118700,83090
118700,83090
118600,83020
118300,82810
118200,82740
118200,82740
118200,82740
117700,82390
117700,82390
117700,82390
117500,82250
117500,82250
117100,81970
117000,81900
117000,81900
117000,81900
116800,81760
116800,81760
116800,81760
116500,81550
116500,81550
116300,81410
116300,81410
116300,81410
116300,81410
115700,80990
115700,80990
115600,80920
115500,80850
115200,80640
115200,80640
115200,80640
115200,80640
115100,80570
114700,80290
114600,80220
114600,80220
114600,80220
114400,80080
114300,80010
114300,80010
114200,79940
114100,79870
113900,79730
113700,79590
113600,79520
113200,79240
113200,79240
113200,79240
113200,79240
113200,79240
112800,78960
112700,78890
112700,78890
112600,78820
112500,78750
112500,78750
112400,78680
111900,78330
111900,78330
111700,78190
110900,77630
110800,77560
110600,77420
110100,77070
109600,76720
109600,76720
109100,76370
109100,76370
109100,76370
108800,76160
108800,76160
108400,75880
108400,75880
108300,75810
108300,75810
108300,75810
108100,75670
107900,75530
107700,75390
107600,75320
107600,75320
107600,75320
107600,75320
107600,75320
107300,75110
106600,74620
106600,74620
106600,74620
106600,74620
106400,74480
106200,74340
106100,74270
105900,74130
105100,73570
105100,73570
105100,73570
105100,73570
104600,73220
104400,73080
104400,73080
103800,72660
103600,72520
103100,72170
102600,71820
102300,71610
102300,71610
101900,71330
101900,71330
101100,70770
101100,70770
101000,70700
100400,70280
100400,70280
100271.428571429,70190
100271.428571429,70190
99400,69580
99400,69580
98600,69020
97900,68530
95800,67060
94900,66430
94100,65870
93700,65590
93700,65590
92700,64890
91500,64050
90600,63420
90300,63210
89700,62790
89000,62300
88700,62090
88700,62090
85300,59710
85300,59710
83200,58240
83200,58240
83200,58240
83100,58170
83100,58170
83100,58170
74200,51940
68900,48230
68900,48230
68300,47810
